Title	Rating	Year	Length (minutes)	Type (TV/Movie)	Available	Poster	Made by	TMDB	IMDB	JustWatch	Description	Wikipedia	Episode	TV Series	WorldCat	Other Link	Tags
Hawaii: Message in the Waves	6	2007	49	TV	Online	/lM2O6k77POzauRNR6iAcOFZKwqY.jpg	BBC	https://www.themoviedb.org/tv/21145-natural-world/season/26/episode/5	https://www.imdb.com/title/tt2496764/	https://www.justwatch.com/us/tv-show/natural-world/season-26	Nature documentary featuring the wildlife of Hawaii's famous surf zone and the surfers and scientists who are fighting to protect it. 		S25E09	Natural World		https://www.bbc.co.uk/programmes/b0079st6	Nature
Earth's Tropical Islands: Hawaii	8	2020	59	TV	Online	/uNJm2kefWDT9NgbYJDWHt4Eqi9n.jpg	BBC	https://www.themoviedb.org/tv/97099-earth-s-tropical-islands/season/1/episode/3	https://www.imdb.com/title/tt11465596/	None	Exploring Hawaii, a tropical sanctuary for any wildlife that can reach its remote shores. From humpback whales to waterfall-climbing fish, it is home to an extraordinary wealth of wildlife.	https://en.wikipedia.org/wiki/Earth's_Tropical_Islands	S01E03	Earth's Tropical Islands		https://www.bbc.co.uk/programmes/m000cs1p	Nature
Hidden Hawaii: National Parks Collection	6	2009	50	TV	DVD	/75idtqJ9ZlHSr98aogs31lGX7CU.jpg	National Geographic	https://www.themoviedb.org/movie/723194-hidden-hawaii-national-parks-collection	https://www.imdb.com/title/tt3917542/	None	Embark on a month-long expedition to explore stunning coral reefs, shallow water environments, and rare species in America's newest marine sanctuary, Papahanamokuakea Marine National Monument.				https://www.worldcat.org/title/hidden-hawaii/oclc/369378864		Nature
The Living Beach: Hawaii	10	2016	48	TV	Online	/fJDszF6EuJYDihbnrZs2KqkTPad.jpg	Smithsonian?	https://www.themoviedb.org/tv/99621-the-living-beach/season/1/episode/4	https://www.imdb.com/title/tt6000560/	None	Throughout the Hawaiian Islands, natural forces of creation and destruction can be observed in real-time as they work to shape the living beach.		S01E04			https://www.youtube.com/watch?v=abG1YhdmEF0&list=PLErsQyzvdc3WW9E2OVIEbwIHLViozJUiU&index=5&t=0s	Nature
State to State: Hawaiian Adventure	4	2018	20	TV	Online	/seyT0wFOKN0NbtNR44j6vkIlCyU.jpg	?	https://www.themoviedb.org/tv/105832-state-to-state/season/1/episode/14	https://www.imdb.com/title/tt4798292/	None	We discover magnificent beaches, stunning plant-life, and some of the world's coolest active volcanoes as we visit America's own private topical getaway: Hawaii. Let's hit the road...island style.		S01E14			https://www.amazon.com/State-Hawaiian-Adventure-Kevin-Schon/dp/B07DH8M1KB	General,Tourism
The Coolest Places on Earth: Aloha Hawaii	5	2013	21	TV	Online		?	https://www.themoviedb.org/tv/106428-the-coolest-places-on-earth	https://www.imdb.com/title/tt5377154/	None	The surf's up and the sun's out as we head to the Aloha State - Hawaii. Get ready to see the best sights of Hawaii's four biggest islands, from the gnarly waves of the North Shore to the beautiful jungles of Kauai.					https://www.amazon.com/Coolest-Places-Earth-Aloha-Hawaii/dp/B06VST4Y5R	General,Tourism
Hawaiian: The Legend of Eddie Aikau		2013	96	TV	Online	/sPHz0JiIVAHuRFN1Nh32Mw0vDl.jpg	ESPN	https://www.themoviedb.org/movie/233466-hawaiian-the-legend-of-eddie-aikau	https://www.imdb.com/title/tt2488386/	https://www.justwatch.com/us/tv-show/30-for-30/season-2	Hawaiian: The Legend of Eddie Aikau chronicles the remarkable life and times of the late Eddie Aikau, the legendary Hawaiian big wave surfer, pioneering lifeguard and ultimately doomed crew member of the Polynesian voyaging canoe Hokulea.	https://en.wikipedia.org/wiki/30_for_30#Volume_II	S02E09	30 for 30			
Hawaiian Surf Stories	3	2005	49	TV	Online		?	https://www.themoviedb.org/movie/274570-hawaiian-surf-stories	https://www.imdb.com/title/tt1640129/	https://www.justwatch.com/us/movie/hawaiian-surf-stories	Surf Filmmaker Jimi Berlin takes you on a journey through the 1990s on the North Shore of Oahu. With surfing footage and interviews of surf legends and local favorites this collection of surf films is sure to please surfers and enthusiasts alike.						Culture
American Experience: The Island Murder	9	2005	53	TV	Online	/l1XPv1OsEijtB7iu9G9RrzugKCo.jpg	PBS	https://www.themoviedb.org/tv/1181-american-experience/season/30	https://www.imdb.com/title/tt0771639/	https://www.justwatch.com/us/tv-show/american-experience/season-30	In 1931, Honolulu's tropical tranquility was shattered when a young Navy wife made an allegation of rape against five islanders.	https://en.wikipedia.org/wiki/American_Experience_(season_30)	S30E05	American Experience			History
Kilauea: Hawai'i on Fire	7	2019	53	TV	Online	/giUBXYnDAaJgNqA6iE3BMVE2EHp.jpg	PBS	https://www.themoviedb.org/tv/3562-nova/season/46/episode/3	https://www.imdb.com/title/tt9653794/	https://www.justwatch.com/us/tv-show/nova/season-46	Journey to Hawaii's Kilauea volcano, which sent rivers of lava through communities and into the sea when it erupted in 2018. A group of scientists and locals investigate the spike in volcano activity that turned paradise into an inferno.		S46E03	NOVA		https://www.pbs.org/wnet/nature/kilauea-mountain-of-fire-introduction/4718/	Nature
Wild Hawaii	8	2014	90	Movie	Online	/2mPYSWX1ke4iPOFqs3Ax78L5dfR.jpg	National Geographic	https://www.themoviedb.org/tv/73456-wild-hawaii	https://www.imdb.com/title/tt4380034/	https://www.justwatch.com/us/tv-show/wild-hawaii	From its hot molten core to the mega sized waves battering its coast, Hawaii is an untamed and very wild bit of paradise that continues to transform itself and challenge expectations.					https://www.worldcat.org/title/wild-hawaii/oclc/880174823	Nature
Hao Wela: The Untold Story of Hot Rodding in Hawai'i		2017	60	Movie	Online	/7z5dnl7HFpUBjPLA49bGEkqPAGl.jpg	UHWO	https://www.themoviedb.org/movie/493628-hao-wela-the-untold-story-of-hot-rodding-in-hawai-i	https://www.imdb.com/title/tt9219868/	https://www.justwatch.com/us/movie/hao-wela-the-untold-story-of-hot-rodding-in-hawaii	Follow Mark Hanson, Psychology Professor and lifelong island "gearhead," as he explores the history, people and passion of the uniquely gracious speed culture that has been evolving in Hawai'i for over a century.					https://www.reddit.com/r/Hawaii/comments/dcl1p4/nice_documentary_on_oahu_car_culture_by_uh_prof/	
Hawaiian Rainbow		1988	85	Movie	Online	/2lrJrxUQv4kMrzDPqf49jOX0Z85.jpg	?	https://www.themoviedb.org/movie/578822-hawaiian-rainbo	https://www.imdb.com/title/tt0230278/	https://www.justwatch.com/us/movie/hawaiian-rainbow	This documentary traces the rich history of Hawaiian music, beginning with its roots, long before Capt. James Cook's arrival in 1778 and the introduction of Western influence.						
Hawaii: The Stolen Paradise		2014	53	Movie	Online	/qU1IFMjIb0nnklNTNzdlJmDoj3f.jpg	?	https://www.themoviedb.org/movie/646445-hawaii-the-stolen-paradise	https://www.imdb.com/title/tt3671926/	None	How did Hawaii go from an independent nation to a United State? Explore the controversial nature of Hawaii's statehood in this documentary, tracing the history of Hawaii's control at the hands of the U.S.						
Sons of Halawa		2016	56	Movie	DVD	/4LHNszvIPsdxHfDTPfl4VDxUa0.jpg	?	https://www.themoviedb.org/movie/723217-sons-of-halawa	https://www.imdb.com/title/tt4954630/	None	The last native resident of a sacred Hawaiian valley searches for a successor to keep cultural traditions alive.				https://www.worldcat.org/title/sons-of-halawa/oclc/953827194	https://www.quazifilms.com/sons-of-halawa	
Aloha From Lavaland		2016	55	Movie	Online	/h89PlKq8gCExRb8Bi3bEybfUTTG.jpg	?	https://www.themoviedb.org/movie/723218-aloha-from-lavaland	https://www.imdb.com/title/tt5588618/	https://www.justwatch.com/us/movie/aloha-from-lavaland	Following a volcanic eruption, a Hawaiian community under pressure shows its spirit and resilience.					https://www.amazon.com/Aloha-Lavaland-Harry-Uhane-Jim/dp/B076XBDT66	
Aina	4	2016	23	Movie	Online	/aUFAsEWtPJeHR0K7Dj2H6x6R3ku.jpg	?	https://www.themoviedb.org/movie/723222-aina-that-which-feeds-us/	None	None	That Which Feeds Us - The best-kept secret on Kaua i isn't a secluded beach or local surf spot, it's that four of the world's largest chemical companies are using the island as an open-air testing ground for pesticides on genetically modified crops. Winner Accolades Global Film Competition.					https://www.amazon.com/Aina-Direct-Current-Media-Inc/dp/B07T2K6Z5Z/ , https://vimeo.com/ondemand/aina	Pesticides
Kumu Hina	8	2014	75	Movie	Online	/aMoAYO3fW8QQmnC8Guik9xdYZ4M.jpg	?	https://www.themoviedb.org/movie/270648-kumu-hina	https://www.imdb.com/title/tt3163238/	https://www.justwatch.com/us/movie/kumu-hina	A transgender Native Hawaiian teacher inspires a young girl to fulfill her destiny of leading the school's male hula troupe, even as she struggles to find love and a committed relationship in her own life.	https://en.wikipedia.org/wiki/Kumu_Hina					Culture
Hawaii A Voice For Sovereignty		2012	84	Movie	Online	/Agm35SIfo61wKRPZqJhrj3E3X0k.jpg	?	https://www.themoviedb.org/movie/289082-hawaii-a-voice-for-sovereignty	https://www.imdb.com/title/tt1507933/	https://www.justwatch.com/us/movie/hawaii-a-voice-for-sovereignty	The goal of Hawaii, a Voice for Sovereignty is to raise awareness of the issues that threaten the Hawaiians ancient and once-environmentally-sustainable culture. It is an epic documentary about Hawaiian spirituality and the peoples close connection to the land.					http://www.catherinebauknight.com/product-category/film/	
Olomana Gardens: Permaculture & Aquaponics		2009	60	Movie	Online	/zUHnpx3xBgmAs9k5V22gXK3MQ9c.jpg	?	https://www.themoviedb.org/movie/206124-olomana-gardens-permaculture-and-aquaponics	https://www.imdb.com/title/tt1462588/	None	When Glenn Martinez and his wife Liz opened their farm in Waimanalo over a decade ago, Glenn knew he would farm organically. Glenn is an articulate, mechanically minded, forward-thinking famer and stands by his convictions of education and hard work.					https://www.amazon.com/Olomana-Gardens-Permaculture-Aquaponics-Martinez/dp/B002E78N4M	
Kaho’olawe Aloha ‘Āina	8	1992	56	Movie	Online		?	https://www.themoviedb.org/movie/723080-kaho-olawe-aloha-aina	https://www.imdb.com/title/tt2498716/	None	Focuses on the cultural, political and military significance of the little-known “target island” of Kaho’olawe in the Hawaiian archipelago. 					http://oiwi.tv/oiwitv/kahoolawe-aloha-aina/	Culture,History,Environmentalism
Holy Hell	7	2016	102	Movie	Online	/qD85xZGbePSCJhlALzY1FR1xVm8.jpg	CNN	https://www.themoviedb.org/movie/373472-holy-hell	https://www.imdb.com/title/tt5278464/	https://www.justwatch.com/us/movie/holy-hell	An inside look at a West Hollywood cult formed by a charismatic teacher in the 1980s that eventually imploded.	https://en.wikipedia.org/wiki/Holy_Hell_(film)					Culture
No Room in Paradise		2016	90	Movie	Online	/pQLl4LJhWgU4ZgzMK6LVHlU5226.jpg	?	https://www.themoviedb.org/movie/571026-no-room-in-paradise	None	https://www.justwatch.com/us/movie/no-room-in-paradise	An intimate and raw look at the struggles Hawaii’s homeless face — and the solutions needed to address the crisis. 					https://www.hawaiiadu.com/no-room-paradise-documentary/	Culture,Politics
Railroading Paradise		2014	48	Movie	Online	/3SvPEBalQXNQSOTsHv3M72L7meR.jpg	?	https://www.themoviedb.org/movie/723082-railroading-paradise	None	None	Chronicles the bitter tug-of-war between efforts to preserve O‘ahu and pressures for new housing and growth—seen through the eyes of the largest environmental group in Hawai‘i as they grapple with whether or not to support the HART rail project.					https://www.collectiveeye.org/products/railroading-paradise-educational	Culture,Politics
Kīlauea Summit Eruption | Lava Returns to Halemaʻumaʻu	6	2017	24	Movie	Online		USGS	https://www.themoviedb.org/movie/723088-kilauea-summit-eruption-lava-returns-to-halema-uma-u	https://www.imdb.com/title/tt8455850/	None	The video briefly recounts the eruptive history of Halemaʻumaʻu and describes the formation and continued growth of the current summit vent and lava lake.					https://www.usgs.gov/media/videos/k-lauea-summit-eruption-lava-returns-halema-uma-u	History,Nature
Then There Was None		1996	26	Movie	Online	/hsl0JePvUTofYDF1TxEHYgarjcX.jpg	?	https://www.themoviedb.org/movie/220712-then-there-were-none	https://www.imdb.com/title/tt0220093/	None	A personal story of the effects of colonization on the Hawaiian people is brilliantly told in this award-winning documentary. 					https://www.piccom.org/programs/then-there-were-none, discussion: https://www.reddit.com/r/Hawaii/comments/1fcn59/native_hawaiian_redditors_i_have_a_few_questions/	History
Dear Thalia - "A Story of a Hawai'i Homeless Family"		2019	78	Movie	Online	/aNR1pEYYZi1SrAbAQcBPzuJohPj.jpg	?	https://www.themoviedb.org/movie/723095-dear-thalia	https://www.imdb.com/title/tt4930358/	None	A documentary on what it's like living on the sidewalk of Kakaako, Oahu. 					https://www.kickstarter.com/projects/1843803551/dear-thalia-a-story-of-a-hawaii-homeless-family	
Language of A Nation		2020	?	TV	Online	/lxf097DNqbBYwq6PRtrhk8JW3xu.jpg	?	https://www.themoviedb.org/tv/111424-language-of-a-nation	None	None	4 Part documentary series about the disappearance of the Hawaiian language.					https://www.youtube.com/playlist?list=PLAg164PfIkZ8SZvl9E8AU5mck2MXHrogw	
Hawaii's Forest Birds: Avian Malaria and Mosquito Research	8	2018	22	TV	Online	/u6xJW5sIau8T50vFB7iyXW0nE0a.jpg	?	https://www.themoviedb.org/movie/723959-hawaii-s-forest-birds-avian-malaria-and-mosquito-research	https://www.imdb.com/title/tt10125810/	None	Many factors are contributing to the decline in Hawaii's forest bird populations, loss of habitat, climate change and invasive species, but none more than disease.					https://www.reddit.com/r/Hawaii/comments/84rcxd/hawaiis_forest_birds_avian_malaria_and_mosquito/	Nature
Saving Ohia - Hawaii’s Sacred Tree		2018	28	TV	Online	/6D63fd2RNjxW4Pbv1EwEKTqBakl.jpg	?	https://www.themoviedb.org/movie/723098-saving-ohia-hawaii-s-sacred-tree	None	None	an in-depth look into the cultural and ecological importance of Hawaii’s keystone species - and the potential impact of the current epidemic					https://www.gohawaii.com/saving-ohia-trees/saving-ohia-documentary, https://www.hawaii.edu/news/2019/06/25/documentary-brings-home-emmys/, https://www.youtube.com/watch?v=MISAKT4LgFw	
Hula Girls, Imagining Paradise		2005	52	Movie	DVD	/i3iggC18QGOZU9TQEKb9ouTyd29.jpg	?	https://www.themoviedb.org/movie/723100-hula-girls-imagining-paradise	https://www.imdb.com/title/tt0446358/	None	Western imagination has transformed the spiritual hula dance of traditional Polynesian society into a (male) fantasy presenting the Polynesian woman as beautiful and exotic.				None	https://aso.gov.au/titles/documentaries/hula-girls/, https://aso.gov.au/titles/documentaries/hula-girls/notes/, https://www.reddit.com/r/Hawaii/comments/12e0zk/the_hawaiian_illusion_documentary_on_the/	
Native of Owhyhee		2009	390	Movie	DVD		?	https://www.themoviedb.org/movie/723104-native-of-owhyhee	https://www.imdb.com/title/tt1458948/	None	The epic historical documentary "Native Of Owhyhee" tells the story how Hawaii turned from an ancient "pagan" society into one of the most literate Christian nations in the world of the 1800s.				None	http://www.hawaiireporter.com/native-of-owhyhee-featured-on-olelo-television/ , https://web.archive.org/web/20181130071013/http://www.owhyheefilm.com/index.html	History
Aloha Dying		2018	54	Movie	Online	/2YGrDLwjVbO6U4csO0PBEWwnkss.jpg	?	https://www.themoviedb.org/movie/568017-aloha-dying	https://www.imdb.com/title/tt8467590/	None	No jobs. Sky-high rents. Tent cities of the homeless. Cultural appropriation. Native people forced out of their own lands. Unfortunately, these descriptions apply to Hawai’i. The Central Pacific archipelago is a beautiful place, caught in the crossfire of international interests. Aloha Dying is a documentary that sheds light on the dark side of the Aloha “State.”					https://www.youtube.com/watch?v=NhMa-NHZRCA	
Homeless in Hawaii		2017	23	TV	Online	/cEGBLN5fPDvc3cNJQMd79RYhKjH.jpg	BBC	https://www.themoviedb.org/tv/70106-our-world	https://www.imdb.com/title/tt7024276/	https://www.justwatch.com/us/tv-show/our-world/season-11	Street people and homeless enablers take on neighborhoods and the people who live there.		S11E18	Our World		https://www.youtube.com/watch?v=QUTrnHiC2qI	
Hawaii: Living on the Edge in Paradise?		2019	35	Movie	Online	/47C48raNMv8UCsVAxxxZnpVSf7U.jpg	?	https://www.themoviedb.org/movie/608984-hawaii-living-on-the-edge-in-paradise	https://www.imdb.com/title/tt10261082/	None	During the summer of 2018, hundreds of earthquakes shook the summit of Kiilauea, sparking the volcano's largest eruption in 200 years. To some, it was a disaster. To others, it was the goddess Pele's way of creating new aina (land). The Hawaiian peoples' resilience and cultural unity is a lesson in the true spirit of Aloha.					https://www.youtube.com/watch?v=Wz91Xl5iMZU	
Prescribing Hope: A Homeless in Hawaii Special Report		2017	25	Movie	Online	/s8aN5cXLRwtg8U1PbditcEnDqKY.jpg	Hawaii News Now	https://www.themoviedb.org/movie/752388-prescribing-hope-a-homeless-in-hawaii-special-report	None	None	Hawaii News Now reporter Allyson Blair followed the state's only psychiatric street medicine team for six months as they offered homeless people with mental illness a medication that would give them the chance to change their lives. 					https://www.investigatetv.com/prescribing-hope/	
Prescribing Hope: Trapped on the Streets		2019	26	Movie	Online	/5pwnO5nQdS9rlTMKvtSlfLtPqCE.jpg	Hawaii News Now	https://www.themoviedb.org/movie/752389-prescribing-hope-trapped-on-the-streets	None	None	For homeless people incapacitated by mental illness in Hawaii, years go by and nothing changes. They’re trapped. And their families struggle to get them help, despite a law passed five years ago that was supposed to offer a way out.					https://www.hawaiinewsnow.com/video/2019/04/23/prescribing-hope-trapped-streets/	
George Was the Last of His Kind	7	2019	12	Movie	Online		The Atlantic	https://www.themoviedb.org/movie/752393-george-was-the-last-of-his-kind	None	None	Snails in Hawaii are disappearing faster than any animal on the planet. 					https://www.youtube.com/watch?v=6gGRa_t_iIw	Nature,Environment
How Do Geologists Study Volcanoes?		2019	51	Movie	Online		Spark	https://www.themoviedb.org/movie/752394-how-do-geologists-study-volcanoes	None	None	Hawaii's Kīlauea volcano has been spewing fire and molten rock non-stop for the last 30 years. It draws attention from all over the world, from scientists to artists to curious tourists.					https://www.youtube.com/watch?v=LnlvsB_NNL4	
The United States of Hypocrisy - The Stolen Nation of Hawaii		2001	103	Movie	Online		?	https://www.themoviedb.org/movie/752395-the-united-states-of-hypocrisy-the-stolen-nation-of-hawaii	None	None	This is the virtually unknown story of Hawaii and the hidden Genocide being committed by the American government with the use of 'blood quantum' for the purpose of eliminating the Hawaiian national.					https://www.youtube.com/watch?v=rDXFXvWTVm8	
The Rain Follows The Forest	6	2012	29	Movie	Online		?	https://www.themoviedb.org/movie/731537-the-rain-follows-the-forest	None	None	Catch Jason Scott Lee in “The Rain Follows The Forest” as he sets out on a journey to learn about sustainable life in our island home. Through interesting conversations, he learns about Hawaiʻi’s fragile fresh water supply and discovers connections to our upland forest environment.					https://www.youtube.com/watch?v=4TELmkk-Dp0	Environment,Water cycle
Conquest of Hawaii		2003	90	Movie	DVD	/zcDeFvfEPmGMyfEo3BXczPqhPwi.jpg	History Channel	https://www.themoviedb.org/movie/377335-conquest-of-hawaii	https://www.imdb.com/title/tt1236188/	None	History Channel documentary which chronicles the history of Hawai'i and the rarely told story of the overthrow of the Hawaiian monarchy by the American government.				https://www.worldcat.org/title/conquest-of-hawaii/oclc/1144632034	https://www.reddit.com/r/Documentaries/comments/wh3zk/recommend_a_documentary_on_hawaii_colonization/	
Over Hawaii		2011	55	Movie	DVD	/i1aqhSjcD0dcZOuymcFDlYEPtkN.jpg	?	https://www.themoviedb.org/movie/253940-over-hawaii	https://www.imdb.com/title/tt2464720/	None	Go to the Big Island and hover above erupting craters at Hawaii Volcanoes National Park, watch flowing orange lava ooze across charred rock and steam billow from the Pu'u 'O'o Vent.				https://www.worldcat.org/title/over-hawaii/oclc/960184222		
Patsy Mink: Ahead of the Majority		2008	57	Movie	Online	/a1S8tHUG3QDTBNSEHuU6WJs409r.jpg	?	https://www.themoviedb.org/movie/724007-patsy-mink-ahead-of-the-majority	https://www.imdb.com/title/tt1312142/	None	It focuses on Patsy Mink (D-HI), who was the first woman of color and Asian American woman to serve in the U.S. Congress and the co-author of the Title IX gender equity legislation. 	https://en.wikipedia.org/wiki/Patsy_Mink:_Ahead_of_the_Majority			https://www.worldcat.org/title/patsy-mink-ahead-of-the-majority/oclc/1131468793	https://vimeo.com/ondemand/patsymink https://www.wmm.com/catalog/film/patsy-mink-ahead-of-the-majority/	
Conflict on Mauna Kea		2019	17	Movie	Online		Hawaii News Now	https://www.themoviedb.org/movie/752399-conflict-on-mauna-kea	None	None	This special Hawaii News Now mini-documentary takes a look at how the protest has evolved, where people on both sides of the issue stand, and what the state’s response to the conflict has been.					https://www.hawaiinewsnow.com/2019/08/03/watch-conflict-mauna-kea-where-it-stands-mini-documentary/	
Waikiki: Looking Back	6	2020	11	Movie	Online		Hawaii News Now	https://www.themoviedb.org/movie/752400-waikiki-looking-back	None	None	Waikiki is a place unique in Hawaii's history. Over the years, it has transformed from a gathering place for Hawaiian royalty into a gathering place for millions of people from around the globe.					https://www.hawaiinewsnow.com/video/2020/02/25/waikiki-looking-back-an-hnn-digital-documentary/	History
Imelda & Ferdinand Marcos: Exile in Hawaii		2019	?	TV	Online		Hawaii News Now	https://www.themoviedb.org/tv/111425-imelda-ferdinand-marcos-exile-in-hawaii	None	None	HNN explores how one the largest political scandals in modern history landed in the Aloha State, and why ― decades later ― the controversy surrounding the Marcos family is far from resolved.					https://www.hawaiinewsnow.com/news/marcos-exile/	
Behold Hawaii		1983	39	Movie	DVD	/yKJIFdAcHCcEA3c1x7mcE7Wnp9L.jpg	?	https://www.themoviedb.org/movie/752403-behold-hawaii	https://www.imdb.com/title/tt0085222/	None	Amid beautiful island scenery, a young Hawaiian searches the past for his cultural roots.				None		
Charles Reed Bishop: Hawaii's First Banker	7	2008	27	Movie	Online	/gzabjQWYhL4FBKAfl3jRDkSDZBF.jpg	First Hawaiian Bank	https://www.themoviedb.org/movie/724058-charles-reed-bishop-hawaii-s-first-banker	None	None	The documentary tells the story of a man of integrity, commitment and caring. The core values he established long ago still guide us today.				https://www.worldcat.org/title/charles-reed-bishop-hawaiis-first-banker/oclc/191047922	https://www.fhb.com/en/inside-fhb/our-rich-history/charles-reed-bishop-hawaiis-first-banker/	History
Pauahi's Legacy		2017	16	Movie	Online	/2tI8zXin19pR8v1083zp6vi0PC8.jpg	homemade	https://www.themoviedb.org/movie/752405-pauahi-s-legacy	https://www.imdb.com/title/tt7601126/	None	A short film about the love story between Charles Reed Bishop and Princess Pauahi (founders of Kamehameha Schools).  This is based on a true story with some liberties taken by Elena.					https://www.youtube.com/watch?v=SXWekwve5nE	
Waikiki: In the Wake of Dreams		2001	70	Movie	DVD	/80DBExffmjDDMhcZImYC6nsURRl.jpg	FilmWorks Pacific	https://www.themoviedb.org/movie/725302-waikiki-in-the-wake-of-dreams	https://www.imdb.com/title/tt8005686/	None	This feature length documentary film chronicles the evolution of a small beachside community from ancient spiritual haven, to playground for Hawaii’s royalty, to development into a major visitor destination and the world’s most famous beach.				https://www.worldcat.org/title/waikiki-in-the-wake-of-dreams/oclc/951221925		
Heart of the Sea		2003	54	Movie	DVD	/dK5phdiwXtS4r4C4Zkm9FDLPRTo.jpg	?	https://www.themoviedb.org/movie/45645-the-heart-of-the-sea-kapolioka-ehukai	https://www.imdb.com/title/tt0366560/	None	A breathtaking portrait of surf legend Rell “Kapolioka’ehukai” Sunn, founding member of the Women’s Professional Surfing Association and beloved breast cancer activist.					https://www.swellcinema.com/heart-of-the-sea	
The Women and the Waves		2009	48	Movie	DVD	/yFPAGOWgEhS6z9lz6oYRwYMbAPK.jpg	?	https://www.themoviedb.org/movie/272895-the-women-and-the-waves	https://www.imdb.com/title/tt1395249/	https://www.justwatch.com/us/movie/the-women-and-the-waves	A documentary surf film that explores the lives of female surfers who have chosen to paddle head first into the male dominated sport of surfing and along the way found a place of their own.				https://www.worldcat.org/title/women-and-the-waves-a-female-surfing-experience/oclc/800981350		
The Women and the Waves 2		2016	43	Movie	DVD	/eUdjIlbubdlbbkMf0vU9IqOxfCv.jpg	?	https://www.themoviedb.org/movie/752411-the-women-and-the-waves-2	https://www.imdb.com/title/tt5682426/	None	A documentary surf film that celebrates women and their unique approach to surfing and life. Following in the footsteps of the groundbreaking 2009 film, THE WOMEN AND THE WAVES, this movie continues to explore the culture of surfing in relation to six surfers and their lives both in and out of the water.						
Waterfalls of Maui		2008	80	Movie	DVD	/lpaNIKchfdQQTB2itlc33fWLWiq.jpg	?	https://www.themoviedb.org/movie/752418-waterfalls-of-maui	https://www.imdb.com/title/tt1274435/	None	Enjoy beautiful waterfalls from East Maui to West Maui and along 'The road to Hana' to the Seven Sisters sacred waterfalls in Honolulu National Park				https://www.worldcat.org/title/waterfalls-of-maui/oclc/875946101		
Paniolo O Hawai'i: Cowboys of the Far West		1998	58	Movie	DVD	/9px82kvzzcR7h7XYjwP3qDsEWki.jpg	FilmWorks Pacific	https://www.themoviedb.org/movie/725305-paniolo-o-hawai-i-cowboys-of-the-far-west	https://www.imdb.com/title/tt8005682/	None	This award winning feature documentary film redefines our childhood notions of cowboys and indians and the Great American West. In this beautifully crafted movie, Cowboys are the Indians.				https://www.worldcat.org/title/paniolo-o-hawaii-cowboys-of-the-far-west/oclc/939716555	https://purepacific.tv/product/paniolo-o-hawaii-cowboys-of-the-far-west-dvd/	
Mauna Loa: The Hawaiian Giant			25	Movie	Online		?	https://www.themoviedb.org/movie/752421-mauna-loa-the-hawaiian-giant	None	None	Mauna Loa in Hawaii is the largest active volcano on the planet. Its colossal mass could cause unsuspected dangers : its unstable flanks could collapse into the ocean and cause a mega-tsunami.					https://www.magellantv.com/series/volcano-stories/mauna-loa-the-hawaiian-giant	
A Climate For Change: A Second Life		2020	60	Movie	Online	/30gMHJrAE9a1SKvQMOhgFyx48xx.jpg	Hawaii News Now	https://www.themoviedb.org/movie/752424-a-climate-for-change-a-second-life	None	None	Documentary series about how Hawaii is facing the climate change challenge.						
Kama'aina	7	2020	15	Movie	Online	/ryi7KhWYxm5K2QNt3R3LcQ9x1K2.jpg	?	https://www.themoviedb.org/movie/717304-kama-aina	https://www.imdb.com/title/tt12379134/	None	A queer sixteen-year-old girl, Mahina, must navigate life on the streets, until she eventually finds refuge at the Pu’uhonua o Wai’anae––Hawaiʻi’s largest organized homeless encampment.					https://vimeo.com/434553755	Culture
Hawaiiana		2020	56	Movie	Online		PBS	https://www.themoviedb.org/movie/745753-hawaiiana	None	None	HAWAIIANA examines the enduring legacy of Winona “Aunty Nona” Beamer, a venerated educator, storyteller, composer and hula expert who dedicated her life to preserving and celebrating traditional Hawaiian culture.					https://www.mauinews.com/news/local-news/2020/08/hawaiiana-by-woman-who-gave-meaning-to-the-word/	
Molokai: The Story of Father Damien	6	1999	109	Movie	Online	/fIjamNr5wMYZRjGmhAJ4ftOGJ1W.jpg	?	https://www.themoviedb.org/movie/21644-molokai-the-story-of-father-damien?language=en-US	https://www.imdb.com/title/tt0165196/	https://www.justwatch.com/us/movie/molokai-the-story-of-father-damien	The true story of the 19th century Belgian priest, Father Damien, who volunteered to go to the island of Molokai, to console and care for the lepers.	https://en.wikipedia.org/wiki/Molokai:_The_Story_of_Father_Damien					
Malama Haloa - Protecting the Taro	5	2010	39	Movie	Online		?	https://www.themoviedb.org/movie/745835-malama-haloa-protecting-the-taro	None	None	Taro grower and Native Hawaiian practitioner Jerry Konanui works to propagate and save from extinction the numerous varieties of kalo (taro), a staple of the Hawaiian diet. Jerry’s mission is also to protect kalo, revered as the elder sibling (Haloa) of the Hawaiian people, from the risks of genetic engineering.						
The Roots of 'Ulu		2015	35	Movie	Online	/raOWvY1Hsga9X6zXMxyiJ0oGq5l.jpg		https://www.themoviedb.org/movie/751773-the-roots-of-ulu	https://www.imdb.com/title/tt4633754/	None	Follow the mythological origins of ‘ulu, its journey from Tahiti to Hawai‘i on Polynesian voyaging canoes, and modern efforts to revitalize breadfruit as a possible solution to food shortages.						